"Report Written:","Monday, April 10, 2017"
"Design Path:","C:\Users\David\Documents\EV\LyteFyba\trunk\PCB\MidCMU.pcb"
"Design Title:",
"Created:","2/03/2012 9:46:00 AM"
"Last Saved:","10/04/2017 5:10:45 PM"
"Editing Time:","179505 min"
"Units:","mm (precision 4)"

Bill of Materials generated with DesignSpark PCB - www.DesignSpark.com/pcb
--------------------------------------------------------------------------


"Ref Name","Qty","THD-DNP","Component","Description","Value","Package","Manufacturer","MPN","Digikey","Mouser"
"D5","1","","1N4148","","","SOD523","Micro Commercial Co","1N4148X-TP","http://www.digikey.com.au/product-detail/en/micro-commercial-co/1N4148X-TP/1N4148XTPMSCT-ND/789335","http://au.mouser.com/ProductDetail/Micro-Commercial-Components-MCC/1N4148X-TP/?qs=%2fha2pyFadujO5eTWjIil0VIY%2fHXnog7lKFGauxvGomE%3d"
"D6","1","","1N4148","","","SOD523","Micro Commercial Co","1N4148X-TP","http://www.digikey.com.au/product-detail/en/micro-commercial-co/1N4148X-TP/1N4148XTPMSCT-ND/789335","http://au.mouser.com/ProductDetail/Micro-Commercial-Components-MCC/1N4148X-TP/?qs=%2fha2pyFadujO5eTWjIil0VIY%2fHXnog7lKFGauxvGomE%3d"
"P2","1","THD","3WP","3 way Pin Header","","DSC","Wurth","61300311121","http://www.digikey.com.au/products/en?keywords=61300311121","http://au.mouser.com/ProductDetail/Wurth-Electronics/61300311121/?qs=sGAEpiMZZMs%252bGHln7q6pm%2fFhW%252btWvhAgp1HW14BJe4tnlZa05APV3w%3d%3d"
"P3","1","THD","3WP","3 way Pin Header","","DSC","Wurth","61300311121","http://www.digikey.com.au/products/en?keywords=61300311121","http://au.mouser.com/ProductDetail/Wurth-Electronics/61300311121/?qs=sGAEpiMZZMs%252bGHln7q6pm%2fFhW%252btWvhAgp1HW14BJe4tnlZa05APV3w%3d%3d"
"P4","1","DNP","4-2WP","4 way Pin Header","","DSC","","","http://www.digikey.com.au/product-detail/en/640453-4/A1917-ND/108991",""
"P5","1","DNP","4-2WP","4 way Pin Header","","DSC","","","http://www.digikey.com.au/product-detail/en/640453-4/A1917-ND/108991",""
"P1","1","DNP","4WP","4 way Pin Header","Molex22-05-2041","DSC","","","http://www.digikey.com.au/scripts/DkSearch/dksus.dll?vendor=0&keywords=WM4102-ND",""
"P6","1","DNP","4WP","4 way Pin Header","Molex22-05-2041","DSC","","","http://www.digikey.com.au/scripts/DkSearch/dksus.dll?vendor=0&keywords=WM4102-ND",""
"C6","1","","C","Capacitor","1u0","M1608","Samsung","CL10B105MO8NNWC","http://www.digikey.com.au/product-detail/en/samsung-electro-mechanics-america-inc/CL10B105MO8NNWC/1276-6524-1-ND/5961383","http://au.mouser.com/ProductDetail/Murata-Electronics/GRM188R71C105KA12J/?qs=sGAEpiMZZMs0AnBnWHyRQHSMLfoHgeTXtFMyKTepccg%3d"
"C7","1","","C","Capacitor","1u0","M1608","Samsung","CL10B105MO8NNWC","http://www.digikey.com.au/product-detail/en/samsung-electro-mechanics-america-inc/CL10B105MO8NNWC/1276-6524-1-ND/5961383","http://au.mouser.com/ProductDetail/Murata-Electronics/GRM188R71C105KA12J/?qs=sGAEpiMZZMs0AnBnWHyRQHSMLfoHgeTXtFMyKTepccg%3d"
"C8","1","","C","Capacitor","1u0","M1608","Samsung","CL10B105MO8NNWC","http://www.digikey.com.au/product-detail/en/samsung-electro-mechanics-america-inc/CL10B105MO8NNWC/1276-6524-1-ND/5961383","http://au.mouser.com/ProductDetail/Murata-Electronics/GRM188R71C105KA12J/?qs=sGAEpiMZZMs0AnBnWHyRQHSMLfoHgeTXtFMyKTepccg%3d"
"C9","1","","C","Capacitor","1u0","M1608","Samsung","CL10B105MO8NNWC","http://www.digikey.com.au/product-detail/en/samsung-electro-mechanics-america-inc/CL10B105MO8NNWC/1276-6524-1-ND/5961383","http://au.mouser.com/ProductDetail/Murata-Electronics/GRM188R71C105KA12J/?qs=sGAEpiMZZMs0AnBnWHyRQHSMLfoHgeTXtFMyKTepccg%3d"
"C4","1","","C","Capacitor","2n2","M1608","Samsung","CL10B222KB8WPNC","http://www.digikey.com.au/product-detail/en/samsung-electro-mechanics-america-inc/CL10B222KB8WPNC/1276-6530-1-ND/5961389","http://au.mouser.com/ProductDetail/Wurth-Electronics/885012206085/?qs=sGAEpiMZZMs0AnBnWHyRQEGbLOF2VP1iLYTCVY68dgJhe7C4%252bkukRA%3d%3d"
"C2","1","","C","Capacitor","2n2","M1608","Samsung","CL10B222KB8WPNC","http://www.digikey.com.au/product-detail/en/samsung-electro-mechanics-america-inc/CL10B222KB8WPNC/1276-6530-1-ND/5961389","http://au.mouser.com/ProductDetail/Wurth-Electronics/885012206085/?qs=sGAEpiMZZMs0AnBnWHyRQEGbLOF2VP1iLYTCVY68dgJhe7C4%252bkukRA%3d%3d"
"C3","1","","C","Capacitor","2n2","M1608","Samsung","CL10B222KB8WPNC","http://www.digikey.com.au/product-detail/en/samsung-electro-mechanics-america-inc/CL10B222KB8WPNC/1276-6530-1-ND/5961389","http://au.mouser.com/ProductDetail/Wurth-Electronics/885012206085/?qs=sGAEpiMZZMs0AnBnWHyRQEGbLOF2VP1iLYTCVY68dgJhe7C4%252bkukRA%3d%3d"
"D1","1","","DIODE 2010","","CGRA4007-G","SM","Comchip Technology","CGRA4007-G","http://www.digikey.com.au/product-detail/en/CGRA4007-G/641-1018-1-ND/1121140","http://au.mouser.com/ProductDetail/Comchip-Technology/CGRA4007-G/?qs=sGAEpiMZZMtbRapU8LlZDzb2vieQGAeGaKsOmus2Q3I%3d"
"U4","1","","Dual Inverter","","74LVC2G04DW-7","SOT363","Diodes Inc","74LVC2G04DW-7","http://www.digikey.com.au/product-detail/en/diodes-incorporated/74LVC2G04DW-7/74LVC2G04DW-7DICT-ND/4505236","http://au.mouser.com/ProductDetail/Diodes-Incorporated/74LVC2G04DW-7/?qs=%2fha2pyFadui%252bHdhyoqS2pCc2HHkkLVP02X0d%252bEXWAiwdSrUoWqx9Lg%3d%3d"
"F1","1","","FUSE IEC","","1.25A","2410","Bell Fuse Inc","SSQ 1.25","http://www.digikey.com.au/product-detail/en/SSQ%201.25/507-1046-1-ND/615027","http://au.mouser.com/ProductDetail/Bel-Fuse/SSQ-125-1K/?qs=sGAEpiMZZMtxU2g%2f1juGqUe1nfAlZffAGKJdyyU3IpdlJiUpwgLymg%3d%3d"
"U3","1","DNP","IR RECEIVER","","TSDP34156","MISC","","","http://www.digikey.com.au/product-search/en?vendor=0&keywords=tsdp34156&stock=1","http://au.mouser.com/ProductDetail/Vishay/TSDP34156/?qs=%2fha2pyFadui%252buA3gMXjhndsEzFdkLfphPvorWFmte279cEa7eB7mwA%3d%3d"
"D9","1","","LED","","LB Q39G-L2OO-35-1","LED M1608","Osram","LB Q39G-L2OO-35-1","http://www.digikey.com.au/product-detail/en/osram-opto-semiconductors-inc/LB-Q39G-L2OO-35-1/475-2816-1-ND/2176355","http://au.mouser.com/ProductDetail/Osram-Opto-Semiconductor/LB-Q39G-L2OO-35-1/?qs=%2fha2pyFadugdwYCal9BdM9SWhVbJU5uqsKvsYGbR4IvEO9KLCpls7BBaJhTRZMg6"
"D4","1","DNP","LED","","LTE-302","LED side view thru hole","","","http://www.digikey.com.au/product-detail/en/LTE-302/160-1063-ND/153264","http://au.mouser.com/ProductDetail/Lite-On/LTE-302/?qs=sGAEpiMZZMvAL21a%2fDhxMruAAWCwpFVqTu8%2frdMoXUs%3d"
"D8","1","","LED","","SML-D12M1WT86","LED M1608","Rohm","SML-D12M1WT86","http://www.digikey.com.au/product-detail/en/rohm-semiconductor/SML-D12M1WT86/SML-D12M1WT86CT-ND/5843861","http://au.mouser.com/ProductDetail/ROHM-Semiconductor/SML-D12M1WT86/?qs=%2fha2pyFadugz3Ke%2fIfJOSrRGxtHq9SNj60K6Dpk00rwhF%2fWjmMD9uQ%3d%3d"
"D16","1","","LED","","SML-D12U1WT86","LED M1608","Rohm","SML-D12U1WT86","http://www.digikey.com.au/product-detail/en/rohm-semiconductor/SML-D12U1WT86/SML-D12U1WT86CT-ND/5843858","http://au.mouser.com/ProductDetail/ROHM-Semiconductor/SML-D12U1WT86/?qs=%2fha2pyFaduhylxbjScR1t2EsCe8V%2fOsfsIP3Drgm910tiPggUe3s6g%3d%3d"
"D2","1","","LED","","SML-D12Y1WT86","LED M1608","Rohm","SML-D12Y1WT86","http://www.digikey.com.au/product-detail/en/rohm-semiconductor/SML-D12Y1WT86/SML-D12Y1WT86CT-ND/5843860","http://au.mouser.com/ProductDetail/ROHM-Semiconductor/SML-D12Y1WT86/?qs=%2fha2pyFaduif59DyNJ9ePaq3ZgpIR7r2Xbm1tPULfhUoWHaEo6LnsA%3d%3d"
"U1","1","","MSP430G2553IPW20","MSP430 Ultra-Low Power Microcontroller","MSP430G2553IPW20","IPW20","Texas Instruments","MSP430G2553IPW20R","http://www.digikey.com.au/product-detail/en/MSP430G2553IPW20R/296-28430-1-ND/2638889","http://au.mouser.com/ProductDetail/Texas-Instruments/MSP430G2553IPW20R/?qs=sGAEpiMZZMsp%252bcahb6g%252bW9qKKK%2ffhYdNB3Ok9ZBfyps%3d"
"Q1","1","","NMOS SMD","MOSFET","RTR030N05TL","SMD","Alpha & Omega","AO3422","https://www.digikey.com.au/product-detail/en/rohm-semiconductor/RTR030N05TL/RTR030N05TLCT-ND/2000247","http://au.mouser.com/ProductDetail/ROHM-Semiconductor/RTR030N05TL/?qs=sGAEpiMZZMshyDBzk1%2fWizxjlSZEvHaIpH4XXmydKCE%3d"
"OP1","1","","OPTO","","TLP293(GR-TPL,E","SM","Toshiba","TLP293(GR-TPL,E","http://www.digikey.com.au/product-detail/en/toshiba-semiconductor-and-storage/TLP293(GR-TPL,E/TLP293(GR-TPLECT-ND/4562968","http://au.mouser.com/ProductDetail/Broadcom-Avago/ACPL-217-50BE/?qs=sGAEpiMZZMteimceiIVCB%2fJ9TAvgcT%2f5LXxvmaVZ1GY%3d"
"SG1","1","THD","PIEZO_SMD","","4 kHz peak","PIEZO","","","http://www.digikey.com.au/products/en?keywords=PKM13EPYH4000","http://au.mouser.com/ProductDetail/Murata/PKM13EPYH4000-A0/?qs=%2fha2pyFaduiKfxxqbOaawJmdCmXhUW32T4KoJxoeBoZIM85GQXIOWQ%3d%3d"
"R1","1","DNP","R","Resistor","0R","SM","","","",""
"R18","1","","R","Resistor","5k1","M1608","Yageo","RC0603JR-075K1L","https://www.digikey.com.au/product-detail/en/yageo/RC0603JR-075K1L/311-5.1KGRCT-ND/729743","http://au.mouser.com/ProductDetail/Yageo/RC0603JR-075K1L/?qs=%2fha2pyFaduiI%252b%2f%2fp%2fYhTTQRqwiqWmcpn3j9Ekt%252bPJzrQycFiyVGlXg%3d%3d"
"R17","1","","R","Resistor","6k8","M1608","Yageo","RC0603JR-076K8L","https://www.digikey.com.au/product-detail/en/yageo/RC0603JR-076K8L/311-6.8KGRCT-ND/729760","http://au.mouser.com/ProductDetail/Yageo/RC0603JR-076K8L/?qs=%2fha2pyFaduiI%252b%2f%2fp%2fYhTTWc9XWQUfWJQlj2W9%2fsxhKABeT2QPfO3Vg%3d%3d"
"R16","1","","R","Resistor","39R","M1608","Yageo","RC0603JR-0739RL","https://www.digikey.com.au/product-detail/en/yageo/RC0603JR-0739RL/311-39GRCT-ND/729726","http://au.mouser.com/ProductDetail/Yageo/RC0603JR-0739RL/?qs=%2fha2pyFaduiI%252b%2f%2fp%2fYhTTa%252bSTPDv9L5lQAA2muhPhISj2RlnSUslAw%3d%3d"
"R19","1","","R","Resistor","39R","M1608","Yageo","RC0603JR-0739RL","https://www.digikey.com.au/product-detail/en/yageo/RC0603JR-0739RL/311-39GRCT-ND/729726","http://au.mouser.com/ProductDetail/Yageo/RC0603JR-0739RL/?qs=%2fha2pyFaduiI%252b%2f%2fp%2fYhTTa%252bSTPDv9L5lQAA2muhPhISj2RlnSUslAw%3d%3d"
"R15","1","","R","Resistor","47k","M1608","Yageo","RC0603JR-0747KL","https://www.digikey.com.au/product-detail/en/yageo/RC0603JR-0747KL/311-47KGRCT-ND/729741","http://au.mouser.com/ProductDetail/Yageo/RC0603JR-0747KL/?qs=%2fha2pyFaduiI%252b%2f%2fp%2fYhTTYLkrpUWkQDXjaiMKBpi4EwsdCisepajJQ%3d%3d"
"R10","1","","R","Resistor","47k","M1608","Yageo","RC0603JR-0747KL","https://www.digikey.com.au/product-detail/en/yageo/RC0603JR-0747KL/311-47KGRCT-ND/729741","http://au.mouser.com/ProductDetail/Yageo/RC0603JR-0747KL/?qs=%2fha2pyFaduiI%252b%2f%2fp%2fYhTTYLkrpUWkQDXjaiMKBpi4EwsdCisepajJQ%3d%3d"
"R3c","1","","R","Resistor","150k 0.1%","0805 HV","Yageo","RT0805BRD07150KL","http://www.digikey.com.au/product-detail/en/yageo/RT0805BRD07150KL/YAG1784CT-ND/5139232","http://au.mouser.com/ProductDetail/TE-Connectivity-Neohm/CPF0805B150KE1/?qs=sGAEpiMZZMu61qfTUdNhG9jkP7wV505sFcY3dz0E3BA%3d"
"R4c","1","","R","Resistor","150k 0.1%","0805 HV","Yageo","RT0805BRD07150KL","http://www.digikey.com.au/product-detail/en/yageo/RT0805BRD07150KL/YAG1784CT-ND/5139232","http://au.mouser.com/ProductDetail/TE-Connectivity-Neohm/CPF0805B150KE1/?qs=sGAEpiMZZMu61qfTUdNhG9jkP7wV505sFcY3dz0E3BA%3d"
"R3b","1","","R","Resistor","150k 0.1%","0805 HV","Yageo","RT0805BRD07150KL","http://www.digikey.com.au/product-detail/en/yageo/RT0805BRD07150KL/YAG1784CT-ND/5139232","http://au.mouser.com/ProductDetail/TE-Connectivity-Neohm/CPF0805B150KE1/?qs=sGAEpiMZZMu61qfTUdNhG9jkP7wV505sFcY3dz0E3BA%3d"
"R3a","1","","R","Resistor","150k 0.1%","0805 HV","Yageo","RT0805BRD07150KL","http://www.digikey.com.au/product-detail/en/yageo/RT0805BRD07150KL/YAG1784CT-ND/5139232","http://au.mouser.com/ProductDetail/TE-Connectivity-Neohm/CPF0805B150KE1/?qs=sGAEpiMZZMu61qfTUdNhG9jkP7wV505sFcY3dz0E3BA%3d"
"R4b","1","","R","Resistor","150k 0.1%","0805 HV","Yageo","RT0805BRD07150KL","http://www.digikey.com.au/product-detail/en/yageo/RT0805BRD07150KL/YAG1784CT-ND/5139232","http://au.mouser.com/ProductDetail/TE-Connectivity-Neohm/CPF0805B150KE1/?qs=sGAEpiMZZMu61qfTUdNhG9jkP7wV505sFcY3dz0E3BA%3d"
"R4a","1","","R","Resistor","150k 0.1%","0805 HV","Yageo","RT0805BRD07150KL","http://www.digikey.com.au/product-detail/en/yageo/RT0805BRD07150KL/YAG1784CT-ND/5139232","http://au.mouser.com/ProductDetail/TE-Connectivity-Neohm/CPF0805B150KE1/?qs=sGAEpiMZZMu61qfTUdNhG9jkP7wV505sFcY3dz0E3BA%3d"
"R6","1","","R","Resistor","150R","M1608","Yageo","RC0603JR-07150RL","https://www.digikey.com.au/product-detail/en/yageo/RC0603JR-07150RL/311-150GRCT-ND/729661","http://au.mouser.com/ProductDetail/Yageo/RC0603JR-07150RL/?qs=%2fha2pyFaduiI%252b%2f%2fp%2fYhTTbvJJ8S0gdYXmJmla9rVqxkpgpOhIq0%252bNQ%3d%3d"
"R5","1","","R","Resistor","150R","M1608","Yageo","RC0603JR-07150RL","https://www.digikey.com.au/product-detail/en/yageo/RC0603JR-07150RL/311-150GRCT-ND/729661","http://au.mouser.com/ProductDetail/Yageo/RC0603JR-07150RL/?qs=%2fha2pyFaduiI%252b%2f%2fp%2fYhTTbvJJ8S0gdYXmJmla9rVqxkpgpOhIq0%252bNQ%3d%3d"
"R7","1","","R","Resistor","237k 0.1%","M1608","Panasonic","ERA-3AEB2373V","http://www.digikey.com.au/product-detail/en/panasonic-electronic-components/ERA-3AEB2373V/P237KDBCT-ND/3075878","http://au.mouser.com/ProductDetail/Susumu/RG1608P-2373-B-T5/?qs=sGAEpiMZZMu61qfTUdNhG%2fDhcyQpRg8MsQS6iz2Yh6A%3d"
"R9","1","","R","Resistor","237k 0.1%","M1608","Panasonic","ERA-3AEB2373V","http://www.digikey.com.au/product-detail/en/panasonic-electronic-components/ERA-3AEB2373V/P237KDBCT-ND/3075878","http://au.mouser.com/ProductDetail/Susumu/RG1608P-2373-B-T5/?qs=sGAEpiMZZMu61qfTUdNhG%2fDhcyQpRg8MsQS6iz2Yh6A%3d"
"R2","1","","R","Resistor","237k 0.1%","M1608","Panasonic","ERA-3AEB2373V","http://www.digikey.com.au/product-detail/en/panasonic-electronic-components/ERA-3AEB2373V/P237KDBCT-ND/3075878","http://au.mouser.com/ProductDetail/Susumu/RG1608P-2373-B-T5/?qs=sGAEpiMZZMu61qfTUdNhG%2fDhcyQpRg8MsQS6iz2Yh6A%3d"
"R8","1","","R","Resistor","237k 0.1%","M1608","Panasonic","ERA-3AEB2373V","http://www.digikey.com.au/product-detail/en/panasonic-electronic-components/ERA-3AEB2373V/P237KDBCT-ND/3075878","http://au.mouser.com/ProductDetail/Susumu/RG1608P-2373-B-T5/?qs=sGAEpiMZZMu61qfTUdNhG%2fDhcyQpRg8MsQS6iz2Yh6A%3d"
"R14","1","","R","Resistor","510R","M1608","Yageo","RC0603JR-07510RL","http://www.digikey.com.au/product-detail/en/yageo/RC0603JR-07510RL/311-510GRCT-ND/729748","http://au.mouser.com/ProductDetail/Yageo/RC0603JR-07510RL/?qs=%2fha2pyFaduiI%252b%2f%2fp%2fYhTTRqRDCgzhNGB6TLTedpTT7uTr1f%2fm7iNsA%3d%3d"
"R13","1","","R","Resistor","510R","M1608","Yageo","RC0603JR-07510RL","http://www.digikey.com.au/product-detail/en/yageo/RC0603JR-07510RL/311-510GRCT-ND/729748","http://au.mouser.com/ProductDetail/Yageo/RC0603JR-07510RL/?qs=%2fha2pyFaduiI%252b%2f%2fp%2fYhTTRqRDCgzhNGB6TLTedpTT7uTr1f%2fm7iNsA%3d%3d"
"R11","1","","R","Resistor","750k","M1608","Yageo","RC0603JR-07750KL","https://www.digikey.com.au/product-detail/en/yageo/RC0603JR-07750KL/311-750KGRCT-ND/729773","http://au.mouser.com/ProductDetail/Yageo/RC0603JR-07750KL/?qs=%2fha2pyFaduiI%252b%2f%2fp%2fYhTTZA3mG3YA%252bCzDewhbgzrC3mFJ6vxvJy95A%3d%3d"
"B1","1","DNP","R","Resistor","2181 lamp","T-1-3_4 lamp","Visual Communications Company","2181","https://www.digikey.com.au/product-detail/en/visual-communications-company-vcc/2181/CM2181-ND/3151432","http://au.mouser.com/ProductDetail/JKL-Components/2181/?qs=sGAEpiMZZMuSFBMFeRq2EXVNJElXobfD"
"C1","1","THD","Supercap","Electrolytic Capacitor","1F","DSCV","Nichicon","JUWT1105MCD","http://www.digikey.com.au/product-detail/en/JUWT1105MCD/493-4330-ND/2538684","http://au.mouser.com/ProductDetail/Nichicon/JUWT1105MCD/?qs=sGAEpiMZZMuDCPMZUZ%252bYlyNqirnUiET6sdD%2fG1RiaPs%3d"
"U2","1","","VREG","","NCP699SN25T1G","SOT23-5","ON Semiconductor","NCP699SN25T1G","http://www.digikey.com.au/product-detail/en/NCP699SN25T1G/NCP699SN25T1GOSCT-ND/1630377","http://au.mouser.com/ProductDetail/ON-Semiconductor/NCP699SN25T1G/?qs=mYaVSTb8pgXa0yZcwT2dMfGi60B%252b6NCoCQhajRPclGU%3d"
"XT1","1","","XTAL SMD","","","MC-146","Abracon","AB26TRQ-32.768KHZ-T","http://www.digikey.com.au/product-detail/en/abracon-llc/AB26TRQ-32.768KHZ-T/535-12051-1-ND/3915232","http://au.mouser.com/ProductDetail/ABRACON/AB26TRQ-32768kHz-T/?qs=%2fha2pyFaduiwCubQFluEcgslH06Y0PnXisq21sTgHsSHTRMw%252bCRT3%252bUEoWbbGnyT"
